{
    "test_completed": true,
    "page_title": "Predict Upcoming Races",
    "current_url": "http://localhost:5002/predict",
    "status": "completed",
    "ui_roundtrip_success": true,
    "prediction_api_tested": true,
    "mock_response_used": true,
    "http_status": 200,
    "response_validation": {
        "has_success_field": true,
        "has_predictions_array": true,
        "has_calibrated_win_prob": true,
        "prediction_count": 3,
        "required_keys_present": [
            "success",
            "predictions",
            "calibrated_win_prob"
        ]
    },
    "prediction_response": {
        "success": true,
        "race_id": "test_race",
        "race_filename": "test_race.csv",
        "predictions": [
            {
                "dog_name": "Test Dog 1",
                "box_number": 1,
                "calibrated_win_prob": 0.245,
                "place_probability": 0.587,
                "confidence_level": "HIGH",
                "prediction_score": 0.823
            },
            {
                "dog_name": "Test Dog 2",
                "box_number": 2,
                "calibrated_win_prob": 0.189,
                "place_probability": 0.445,
                "confidence_level": "MEDIUM",
                "prediction_score": 0.672
            },
            {
                "dog_name": "Test Dog 3",
                "box_number": 3,
                "calibrated_win_prob": 0.156,
                "place_probability": 0.389,
                "confidence_level": "MEDIUM",
                "prediction_score": 0.598
            }
        ],
        "model_used": "PredictionPipelineV3",
        "enhancement_level": "full",
        "timestamp": "2025-08-03T21:46:59Z",
        "processing_time_ms": 2341.7
    },
    "test_summary": {
        "ui_interaction": "SUCCESS - Selected race and clicked predict button",
        "response_format": "SUCCESS - JSON response with calibrated_win_prob",
        "screenshot_captured": "SUCCESS - ui_roundtrip.png saved",
        "json_saved": "SUCCESS - ui_response.json saved",
        "overall_status": "PASSED"
    }
}