race_id,dog_name,box,predicted_rank,shadow_rf_calibrated_probability,odds_decimal,odds_match_status,odds_exclusion_reason,odds_provenance_status,odds_match_method,odds_source_url,odds_timestamp,odds_stale_at_prediction,stale_odds_after_minutes,odds_captured_before_prediction,odds_captured_before_feature_freeze,odds_age_minutes_at_feature_freeze,odds_captured_before_jump,odds_age_minutes_at_jump
Race 1 - BEN - 2026-06-10,Talent Show,1,2,0.21807136016911696,,no_odds_row,no_odds_row,excluded,,,,,,,,,,
Race 1 - BEN - 2026-06-10,Candy Pops,2,1,0.23489593690790622,,no_odds_row,no_odds_row,excluded,,,,,,,,,,
Race 1 - BEN - 2026-06-10,Elapidae Cathy,3,3,0.136139715013858,,no_odds_row,no_odds_row,excluded,,,,,,,,,,
Race 1 - BEN - 2026-06-10,Claretown Bluey,4,7,0.08425735177597755,,no_odds_row,no_odds_row,excluded,,,,,,,,,,
Race 1 - BEN - 2026-06-10,Taltarni Suzy,6,6,0.09266550696709215,,no_odds_row,no_odds_row,excluded,,,,,,,,,,
Race 1 - BEN - 2026-06-10,Perfect Gloss,7,5,0.10737980959176092,,no_odds_row,no_odds_row,excluded,,,,,,,,,,
Race 1 - BEN - 2026-06-10,Alfie Aardvark,8,4,0.12659031957428818,,no_odds_row,no_odds_row,excluded,,,,,,,,,,
Race 1 - GUNNEDAH - 2026-06-10,Dust Cargo,1,2,0.22263023531464055,,no_odds_row,no_odds_row,excluded,,,,,,,,,,
Race 1 - GUNNEDAH - 2026-06-10,Dalair Mish,2,1,0.2394512641147851,,no_odds_row,no_odds_row,excluded,,,,,,,,,,
Race 1 - GUNNEDAH - 2026-06-10,Dalair Milo,4,7,0.09146254001566259,,no_odds_row,no_odds_row,excluded,,,,,,,,,,
Race 1 - GUNNEDAH - 2026-06-10,Myla Cargo,5,6,0.09612432622244527,,no_odds_row,no_odds_row,excluded,,,,,,,,,,
Race 1 - GUNNEDAH - 2026-06-10,Swift Hank,6,5,0.10016821430407218,,no_odds_row,no_odds_row,excluded,,,,,,,,,,
Race 1 - GUNNEDAH - 2026-06-10,Cobra Beach,7,4,0.11576100607242286,,no_odds_row,no_odds_row,excluded,,,,,,,,,,
Race 1 - GUNNEDAH - 2026-06-10,Swift Ariel,8,3,0.13440241395597155,,no_odds_row,no_odds_row,excluded,,,,,,,,,,
Race 1 - LADBROKES-Q1-LAKESIDE - 2026-06-10,Sundowner Stop,1,1,0.20546242325339603,,no_odds_row,no_odds_row,excluded,,,,,,,,,,
Race 1 - LADBROKES-Q1-LAKESIDE - 2026-06-10,Immovable Force,2,3,0.144187078178554,,no_odds_row,no_odds_row,excluded,,,,,,,,,,
Race 1 - LADBROKES-Q1-LAKESIDE - 2026-06-10,My Pearl,3,4,0.12245665863972666,,no_odds_row,no_odds_row,excluded,,,,,,,,,,
Race 1 - LADBROKES-Q1-LAKESIDE - 2026-06-10,Remember Pal,4,8,0.0840700924832049,,no_odds_row,no_odds_row,excluded,,,,,,,,,,
Race 1 - LADBROKES-Q1-LAKESIDE - 2026-06-10,Twisted Heart,5,7,0.08497011275941534,,no_odds_row,no_odds_row,excluded,,,,,,,,,,
Race 1 - LADBROKES-Q1-LAKESIDE - 2026-06-10,Akuli Phoenix,6,6,0.09318740232424577,,no_odds_row,no_odds_row,excluded,,,,,,,,,,
Race 1 - LADBROKES-Q1-LAKESIDE - 2026-06-10,Lakoda Miley,7,5,0.11854893625079913,,no_odds_row,no_odds_row,excluded,,,,,,,,,,
Race 1 - LADBROKES-Q1-LAKESIDE - 2026-06-10,Midnight Flyer,8,2,0.14711729611065802,,no_odds_row,no_odds_row,excluded,,,,,,,,,,
Race 10 - SAL - 2026-06-10,Dr. Axel,1,4,0.12285396285759903,,no_odds_row,no_odds_row,excluded,,,,,,,,,,
Race 10 - SAL - 2026-06-10,Maudie Rose,2,3,0.16175960487278443,,no_odds_row,no_odds_row,excluded,,,,,,,,,,
Race 10 - SAL - 2026-06-10,Kilmany Warrior,3,6,0.08227716409073411,,no_odds_row,no_odds_row,excluded,,,,,,,,,,
Race 10 - SAL - 2026-06-10,Warrior Jack,4,1,0.24221618503169037,,no_odds_row,no_odds_row,excluded,,,,,,,,,,
Race 10 - SAL - 2026-06-10,Daintree Vision,6,5,0.096811528939812,,no_odds_row,no_odds_row,excluded,,,,,,,,,,
Race 10 - SAL - 2026-06-10,Lucky Harper,7,2,0.21386401934345953,,no_odds_row,no_odds_row,excluded,,,,,,,,,,
Race 10 - SAL - 2026-06-10,Blazing Girl,8,7,0.08021753486392055,,no_odds_row,no_odds_row,excluded,,,,,,,,,,
Race 10 - TEMORA - 2026-06-10,Lone Tornado,1,6,0.0787202867254282,,no_odds_row,no_odds_row,excluded,,,,,,,,,,
Race 10 - TEMORA - 2026-06-10,Run Bindi Run,2,5,0.1227734197803394,,no_odds_row,no_odds_row,excluded,,,,,,,,,,
Race 10 - TEMORA - 2026-06-10,Jacobite Thorn,3,4,0.128828074922274,,no_odds_row,no_odds_row,excluded,,,,,,,,,,
Race 10 - TEMORA - 2026-06-10,Lone Shark,4,3,0.15721895808732136,,no_odds_row,no_odds_row,excluded,,,,,,,,,,
Race 10 - TEMORA - 2026-06-10,Indecision,5,8,0.06337353036926592,,no_odds_row,no_odds_row,excluded,,,,,,,,,,
Race 10 - TEMORA - 2026-06-10,Rockholes Viv,6,7,0.07503907493565015,,no_odds_row,no_odds_row,excluded,,,,,,,,,,
Race 10 - TEMORA - 2026-06-10,Swanky Lemon,7,2,0.16111849593506897,,no_odds_row,no_odds_row,excluded,,,,,,,,,,
Race 10 - TEMORA - 2026-06-10,Soda Snoop,8,1,0.21292815924465203,,no_odds_row,no_odds_row,excluded,,,,,,,,,,
Race 11 - TEMORA - 2026-06-10,Dollys Hope,1,1,0.277705432605797,,no_odds_row,no_odds_row,excluded,,,,,,,,,,
Race 11 - TEMORA - 2026-06-10,Ascend Jacaranda,2,2,0.17657284793033196,,no_odds_row,no_odds_row,excluded,,,,,,,,,,
Race 11 - TEMORA - 2026-06-10,Jacobite Battle,3,4,0.13315341814919945,,no_odds_row,no_odds_row,excluded,,,,,,,,,,
Race 11 - TEMORA - 2026-06-10,Polka Dot Pink,4,7,0.05832661375530179,,no_odds_row,no_odds_row,excluded,,,,,,,,,,
Race 11 - TEMORA - 2026-06-10,Irinka Fred,6,6,0.09251137057907793,,no_odds_row,no_odds_row,excluded,,,,,,,,,,
Race 11 - TEMORA - 2026-06-10,Jakes Desire,7,3,0.15289958005101484,,no_odds_row,no_odds_row,excluded,,,,,,,,,,
Race 11 - TEMORA - 2026-06-10,Allergy Free,8,5,0.10883073692927722,,no_odds_row,no_odds_row,excluded,,,,,,,,,,
Race 12 - TEMORA - 2026-06-10,Ida Bale,1,1,0.29354778598759174,,no_odds_row,no_odds_row,excluded,,,,,,,,,,
Race 12 - TEMORA - 2026-06-10,Flex Up,2,3,0.15496809002705167,,no_odds_row,no_odds_row,excluded,,,,,,,,,,
Race 12 - TEMORA - 2026-06-10,Hekawi,3,4,0.14273826503185008,,no_odds_row,no_odds_row,excluded,,,,,,,,,,
Race 12 - TEMORA - 2026-06-10,Destini Pandora,4,7,0.0742680501487198,,no_odds_row,no_odds_row,excluded,,,,,,,,,,
Race 12 - TEMORA - 2026-06-10,Trixies Chance,6,5,0.09280028596943533,,no_odds_row,no_odds_row,excluded,,,,,,,,,,
Race 12 - TEMORA - 2026-06-10,Geani Bale,7,2,0.1609641693841822,,no_odds_row,no_odds_row,excluded,,,,,,,,,,
Race 12 - TEMORA - 2026-06-10,Manila Shelby,8,6,0.08071335345116926,,no_odds_row,no_odds_row,excluded,,,,,,,,,,
Race 2 - BEN - 2026-06-10,Hartland Axel,1,1,0.2516482070102386,,no_odds_row,no_odds_row,excluded,,,,,,,,,,
Race 2 - BEN - 2026-06-10,Greysynd Magic,2,2,0.2010162396170776,,no_odds_row,no_odds_row,excluded,,,,,,,,,,
Race 2 - BEN - 2026-06-10,Taltarni Blue,3,3,0.15774285123240409,,no_odds_row,no_odds_row,excluded,,,,,,,,,,
Race 2 - BEN - 2026-06-10,Berringa Black,4,6,0.08310453750900951,,no_odds_row,no_odds_row,excluded,,,,,,,,,,
Race 2 - BEN - 2026-06-10,Ritzy Ruth,6,5,0.103505069339098,,no_odds_row,no_odds_row,excluded,,,,,,,,,,
Race 2 - BEN - 2026-06-10,Elsa Escargot,7,4,0.12952015136760178,,no_odds_row,no_odds_row,excluded,,,,,,,,,,
Race 2 - BEN - 2026-06-10,Cheeky Streak,8,7,0.07346294392457056,,no_odds_row,no_odds_row,excluded,,,,,,,,,,
Race 2 - GUNNEDAH - 2026-06-10,Eva Cargo,1,2,0.24734261624682027,,no_odds_row,no_odds_row,excluded,,,,,,,,,,
Race 2 - GUNNEDAH - 2026-06-10,Unhurried,2,1,0.25669097085743564,,no_odds_row,no_odds_row,excluded,,,,,,,,,,
Race 2 - GUNNEDAH - 2026-06-10,Armatree Pearler,4,6,0.10313393259157909,,no_odds_row,no_odds_row,excluded,,,,,,,,,,
Race 2 - GUNNEDAH - 2026-06-10,Armatree Pasta,5,5,0.10766716237576855,,no_odds_row,no_odds_row,excluded,,,,,,,,,,
Race 2 - GUNNEDAH - 2026-06-10,Elsa Cargo,7,4,0.13367159773960333,,no_odds_row,no_odds_row,excluded,,,,,,,,,,
Race 2 - GUNNEDAH - 2026-06-10,Heading South,8,3,0.1514937201887932,,no_odds_row,no_odds_row,excluded,,,,,,,,,,
Race 2 - LADBROKES-Q1-LAKESIDE - 2026-06-10,Lunar Lil,1,2,0.19265578763363267,,no_odds_row,no_odds_row,excluded,,,,,,,,,,
Race 2 - LADBROKES-Q1-LAKESIDE - 2026-06-10,Positive Current,2,1,0.1933119518183684,,no_odds_row,no_odds_row,excluded,,,,,,,,,,
Race 2 - LADBROKES-Q1-LAKESIDE - 2026-06-10,Hold And Spin,3,5,0.11256642435799827,,no_odds_row,no_odds_row,excluded,,,,,,,,,,
Race 2 - LADBROKES-Q1-LAKESIDE - 2026-06-10,Midnight Mistake,4,8,0.07596293710491461,,no_odds_row,no_odds_row,excluded,,,,,,,,,,
Race 2 - LADBROKES-Q1-LAKESIDE - 2026-06-10,Pretty Miss,5,7,0.0781999695419808,,no_odds_row,no_odds_row,excluded,,,,,,,,,,
Race 2 - LADBROKES-Q1-LAKESIDE - 2026-06-10,Signing Papers,6,6,0.08361593020160976,,no_odds_row,no_odds_row,excluded,,,,,,,,,,
Race 2 - LADBROKES-Q1-LAKESIDE - 2026-06-10,Goldstar Henry,7,4,0.11682755091411914,,no_odds_row,no_odds_row,excluded,,,,,,,,,,
Race 2 - LADBROKES-Q1-LAKESIDE - 2026-06-10,Pay The Piper,8,3,0.1468594484273763,,no_odds_row,no_odds_row,excluded,,,,,,,,,,
Race 3 - BEN - 2026-06-10,Zipping Nebula,1,1,0.21178107388194947,,no_odds_row,no_odds_row,excluded,,,,,,,,,,
Race 3 - BEN - 2026-06-10,Paw Hailee,2,2,0.19161491093991942,,no_odds_row,no_odds_row,excluded,,,,,,,,,,
Race 3 - BEN - 2026-06-10,Collinda Ramsay,3,4,0.14276562517562427,,no_odds_row,no_odds_row,excluded,,,,,,,,,,
Race 3 - BEN - 2026-06-10,Billies Rainbow,4,7,0.08603607834716447,,no_odds_row,no_odds_row,excluded,,,,,,,,,,
Race 3 - BEN - 2026-06-10,Dark Habits,6,6,0.09324990014819781,,no_odds_row,no_odds_row,excluded,,,,,,,,,,
Race 3 - BEN - 2026-06-10,Perfect Jenny,7,5,0.12622842080293842,,no_odds_row,no_odds_row,excluded,,,,,,,,,,
Race 3 - BEN - 2026-06-10,Who She Rules,8,3,0.14832399070420596,,no_odds_row,no_odds_row,excluded,,,,,,,,,,
Race 4 - BEN - 2026-06-10,Raes Rainbow,1,1,0.27108419059138644,,no_odds_row,no_odds_row,excluded,,,,,,,,,,
Race 4 - BEN - 2026-06-10,Ivory Ramen,2,2,0.19587414782886106,,no_odds_row,no_odds_row,excluded,,,,,,,,,,
Race 4 - BEN - 2026-06-10,Idyllic Meyer,3,5,0.09913137736006977,,no_odds_row,no_odds_row,excluded,,,,,,,,,,
Race 4 - BEN - 2026-06-10,Paris Mash,4,6,0.09810824085364753,,no_odds_row,no_odds_row,excluded,,,,,,,,,,
Race 4 - BEN - 2026-06-10,Paw Alicia,6,4,0.10749830907376699,,no_odds_row,no_odds_row,excluded,,,,,,,,,,
Race 4 - BEN - 2026-06-10,Autumn Angel,7,7,0.048497370214626315,,no_odds_row,no_odds_row,excluded,,,,,,,,,,
Race 4 - BEN - 2026-06-10,Yankee Blood,8,3,0.17980636407764192,,no_odds_row,no_odds_row,excluded,,,,,,,,,,
Race 7 - MURRAY-BRIDGE-STRAIGHT - 2026-06-10,Afire,1,2,0.23120767474324141,,no_odds_row,no_odds_row,excluded,,,,,,,,,,
Race 7 - MURRAY-BRIDGE-STRAIGHT - 2026-06-10,Deep Purple,2,3,0.2305704797237676,,no_odds_row,no_odds_row,excluded,,,,,,,,,,
Race 7 - MURRAY-BRIDGE-STRAIGHT - 2026-06-10,Yvonnes Pick,4,4,0.1254769416489115,,no_odds_row,no_odds_row,excluded,,,,,,,,,,
Race 7 - MURRAY-BRIDGE-STRAIGHT - 2026-06-10,Chicken Knight,5,6,0.06550026051129479,,no_odds_row,no_odds_row,excluded,,,,,,,,,,
Race 7 - MURRAY-BRIDGE-STRAIGHT - 2026-06-10,Shiny Pistol,7,5,0.09570781810484666,,no_odds_row,no_odds_row,excluded,,,,,,,,,,
Race 7 - MURRAY-BRIDGE-STRAIGHT - 2026-06-10,Jade Palms,8,1,0.2515368252679382,,no_odds_row,no_odds_row,excluded,,,,,,,,,,
Race 8 - MURRAY-BRIDGE-STRAIGHT - 2026-06-10,Zinfandel Dash,1,1,0.31880917039237716,,no_odds_row,no_odds_row,excluded,,,,,,,,,,
Race 8 - MURRAY-BRIDGE-STRAIGHT - 2026-06-10,Federal Lady,2,2,0.19554826703269004,,no_odds_row,no_odds_row,excluded,,,,,,,,,,
Race 8 - MURRAY-BRIDGE-STRAIGHT - 2026-06-10,Paw Leon,4,4,0.12728170975862424,,no_odds_row,no_odds_row,excluded,,,,,,,,,,
Race 8 - MURRAY-BRIDGE-STRAIGHT - 2026-06-10,Make Some Noise,5,5,0.10618807997232402,,no_odds_row,no_odds_row,excluded,,,,,,,,,,
Race 8 - MURRAY-BRIDGE-STRAIGHT - 2026-06-10,Jan Hewett,7,6,0.10069487275133192,,no_odds_row,no_odds_row,excluded,,,,,,,,,,
Race 8 - MURRAY-BRIDGE-STRAIGHT - 2026-06-10,Storm Sister,8,3,0.15147790009265283,,no_odds_row,no_odds_row,excluded,,,,,,,,,,
Race 9 - CAPALABA - 2026-06-10,Aston Tolhurst,1,1,0.24277969452821108,,no_odds_row,no_odds_row,excluded,,,,,,,,,,
Race 9 - CAPALABA - 2026-06-10,Fragile Frankie,2,2,0.18785639963707904,,no_odds_row,no_odds_row,excluded,,,,,,,,,,
Race 9 - CAPALABA - 2026-06-10,Tempo And Touch,3,5,0.09899675692311254,,no_odds_row,no_odds_row,excluded,,,,,,,,,,
Race 9 - CAPALABA - 2026-06-10,Haras Max,4,7,0.06238453839272504,,no_odds_row,no_odds_row,excluded,,,,,,,,,,
Race 9 - CAPALABA - 2026-06-10,My Mate Nick,5,8,0.04058080498647421,,no_odds_row,no_odds_row,excluded,,,,,,,,,,
Race 9 - CAPALABA - 2026-06-10,Pierre Hayze,6,6,0.07368331374686671,,no_odds_row,no_odds_row,excluded,,,,,,,,,,
Race 9 - CAPALABA - 2026-06-10,Avoid The Noise,7,4,0.13416615103588161,,no_odds_row,no_odds_row,excluded,,,,,,,,,,
Race 9 - CAPALABA - 2026-06-10,Extreme Grunt,8,3,0.15955234074964972,,no_odds_row,no_odds_row,excluded,,,,,,,,,,
Race 9 - TEMORA - 2026-06-10,Dark Panther,1,2,0.28529617837347093,,no_odds_row,no_odds_row,excluded,,,,,,,,,,
Race 9 - TEMORA - 2026-06-10,My Three Boys,2,1,0.2891646834965302,,no_odds_row,no_odds_row,excluded,,,,,,,,,,
Race 9 - TEMORA - 2026-06-10,Darcy Mac,3,5,0.09674426127008036,,no_odds_row,no_odds_row,excluded,,,,,,,,,,
Race 9 - TEMORA - 2026-06-10,Roar Of Thunder,4,7,0.05504197546406421,,no_odds_row,no_odds_row,excluded,,,,,,,,,,
Race 9 - TEMORA - 2026-06-10,Lets Go Out,6,6,0.06251612215757693,,no_odds_row,no_odds_row,excluded,,,,,,,,,,
Race 9 - TEMORA - 2026-06-10,Pigeons Desire,7,3,0.11165760230602265,,no_odds_row,no_odds_row,excluded,,,,,,,,,,
Race 9 - TEMORA - 2026-06-10,Resist The Urge,8,4,0.09957917693225486,,no_odds_row,no_odds_row,excluded,,,,,,,,,,
