feature_family,field_count,rows_with_any_present,total_feature_rows,coverage_pct,unique_present_values,default_dominance_pct,inactive_train_all_missing_fields,activation_decision,activation_fail_reasons,present_by_field_json,utility_notes
weather_track,3,16,16,1.0,4,0.3333333333333333,weather;track_condition;race_time_minutes_since_midnight,REVIEW_ONLY,,"{""race_time_minutes_since_midnight"": 16, ""track_condition"": 16, ""weather"": 16}",
same_distance_time,5,16,16,1.0,56,0.075,,REVIEW_ONLY,,"{""avg_time_same_distance"": 16, ""best_time_same_distance"": 16, ""median_time_same_distance"": 16, ""prior_same_distance_start_count"": 16, ""recent_avg_time_same_distance_5"": 16}",
same_venue_time,3,16,16,1.0,1,1.0,,REVIEW_ONLY,,"{""avg_time_same_venue"": 0, ""best_time_same_venue"": 0, ""place_rate_same_venue"": 16}",
same_distance_same_grade,2,14,16,0.875,23,0.07142857142857142,same_distance_same_grade_best_time;same_distance_same_grade_avg_time,KEEP_QUARANTINED,all_missing_in_train;currently_inactive_due_to_train_all_missing_policy;missing_shadow_metric_comparison;train_holdout_present_pct_ratio_unstable;train_present_pct_below_min;train_present_rows_below_min;train_unique_present_values_below_min,"{""same_distance_same_grade_avg_time"": 14, ""same_distance_same_grade_best_time"": 14}",
sectional_weight,5,16,16,1.0,59,0.04477611940298507,,REVIEW_ONLY,,"{""last_start_sectional_1st"": 7, ""last_start_weight"": 16, ""recent_avg_sectional_1st_5"": 14, ""recent_avg_weight_5"": 16, ""recent_best_sectional_1st_5"": 14}",
history_rates,6,16,16,1.0,47,0.21875,,REVIEW_ONLY,,"{""career_avg_finish"": 16, ""career_best_time"": 16, ""career_place_rate"": 16, ""career_win_rate"": 16, ""place_rate_same_distance"": 16, ""prior_start_count"": 16}",
target_context,6,16,16,1.0,13,0.2857142857142857,,REVIEW_ONLY,,"{""box_number"": 16, ""field_size"": 16, ""grade_change_direction"": 12, ""grade_change_indicator"": 12, ""grade_strength_delta"": 12, ""last_start_grade_normalized"": 16}",
venue_distance,4,16,16,1.0,7,0.25,,REVIEW_ONLY,,"{""race_date"": 16, ""race_id"": 16, ""race_number"": 16, ""race_time"": 16}",
expert_form,10,16,16,1.0,29,0.3611111111111111,,REVIEW_ONLY,,"{""expert_form_career_starts"": 16, ""expert_form_career_wins"": 16, ""expert_form_current_box_starts"": 16, ""expert_form_current_box_wins"": 16, ""expert_form_metadata_from_sidecar"": 16, ""expert_form_place_percent"": 16, ""expert_form_track_distance_best_time"": 0, ""expert_form_track_distance_starts"": 16, ""expert_form_track_distance_wins"": 16, ""expert_form_win_percent"": 16}",control_top1=0.2; trial_top1=0.1; activation_allowed=False
