race_id,dog_name,box,shadow_rf_uncalibrated_probability,shadow_rf_calibrated_probability,predicted_rank,calibration_method,model_version,model_source,tgr_enabled,output_mode
Race 1 - BEN - 2026-06-10,Talent Show,1,0.1810074737,0.2387998948,2,power_gamma_2.4,shadow_loaded_shadow_randomforest_model,/mnt/tenn-nvme2/tenn/offloaded-home/l4nd0/greyhound-high-accuracy-refinement-v1-20260610/artifacts/full_evidence_orchestration_20260525/shadow_evaluation_high_accuracy_stage2_20260610T_live_evidence/shadow_randomforest_model.joblib,False,shadow_only
Race 1 - BEN - 2026-06-10,Candy Pops,2,0.1824899537,0.2435207771,1,power_gamma_2.4,shadow_loaded_shadow_randomforest_model,/mnt/tenn-nvme2/tenn/offloaded-home/l4nd0/greyhound-high-accuracy-refinement-v1-20260610/artifacts/full_evidence_orchestration_20260525/shadow_evaluation_high_accuracy_stage2_20260610T_live_evidence/shadow_randomforest_model.joblib,False,shadow_only
Race 1 - BEN - 2026-06-10,Elapidae Cathy,3,0.1419194285,0.1331873454,3,power_gamma_2.4,shadow_loaded_shadow_randomforest_model,/mnt/tenn-nvme2/tenn/offloaded-home/l4nd0/greyhound-high-accuracy-refinement-v1-20260610/artifacts/full_evidence_orchestration_20260525/shadow_evaluation_high_accuracy_stage2_20260610T_live_evidence/shadow_randomforest_model.joblib,False,shadow_only
Race 1 - BEN - 2026-06-10,Claretown Bluey,4,0.1169608738,0.0837259269,7,power_gamma_2.4,shadow_loaded_shadow_randomforest_model,/mnt/tenn-nvme2/tenn/offloaded-home/l4nd0/greyhound-high-accuracy-refinement-v1-20260610/artifacts/full_evidence_orchestration_20260525/shadow_evaluation_high_accuracy_stage2_20260610T_live_evidence/shadow_randomforest_model.joblib,False,shadow_only
Race 1 - BEN - 2026-06-10,Taltarni Suzy,6,0.130974152,0.1098519936,4,power_gamma_2.4,shadow_loaded_shadow_randomforest_model,/mnt/tenn-nvme2/tenn/offloaded-home/l4nd0/greyhound-high-accuracy-refinement-v1-20260610/artifacts/full_evidence_orchestration_20260525/shadow_evaluation_high_accuracy_stage2_20260610T_live_evidence/shadow_randomforest_model.joblib,False,shadow_only
Race 1 - BEN - 2026-06-10,Perfect Gloss,7,0.1173116253,0.08432979381,6,power_gamma_2.4,shadow_loaded_shadow_randomforest_model,/mnt/tenn-nvme2/tenn/offloaded-home/l4nd0/greyhound-high-accuracy-refinement-v1-20260610/artifacts/full_evidence_orchestration_20260525/shadow_evaluation_high_accuracy_stage2_20260610T_live_evidence/shadow_randomforest_model.joblib,False,shadow_only
Race 1 - BEN - 2026-06-10,Alfie Aardvark,8,0.1293364931,0.1065842684,5,power_gamma_2.4,shadow_loaded_shadow_randomforest_model,/mnt/tenn-nvme2/tenn/offloaded-home/l4nd0/greyhound-high-accuracy-refinement-v1-20260610/artifacts/full_evidence_orchestration_20260525/shadow_evaluation_high_accuracy_stage2_20260610T_live_evidence/shadow_randomforest_model.joblib,False,shadow_only
Race 1 - GUNNEDAH - 2026-06-10,Dust Cargo,1,0.1774103396,0.2302364808,2,power_gamma_2.4,shadow_loaded_shadow_randomforest_model,/mnt/tenn-nvme2/tenn/offloaded-home/l4nd0/greyhound-high-accuracy-refinement-v1-20260610/artifacts/full_evidence_orchestration_20260525/shadow_evaluation_high_accuracy_stage2_20260610T_live_evidence/shadow_randomforest_model.joblib,False,shadow_only
Race 1 - GUNNEDAH - 2026-06-10,Dalair Mish,2,0.1788525308,0.234753961,1,power_gamma_2.4,shadow_loaded_shadow_randomforest_model,/mnt/tenn-nvme2/tenn/offloaded-home/l4nd0/greyhound-high-accuracy-refinement-v1-20260610/artifacts/full_evidence_orchestration_20260525/shadow_evaluation_high_accuracy_stage2_20260610T_live_evidence/shadow_randomforest_model.joblib,False,shadow_only
Race 1 - GUNNEDAH - 2026-06-10,Dalair Milo,4,0.1216406177,0.0930707886,7,power_gamma_2.4,shadow_loaded_shadow_randomforest_model,/mnt/tenn-nvme2/tenn/offloaded-home/l4nd0/greyhound-high-accuracy-refinement-v1-20260610/artifacts/full_evidence_orchestration_20260525/shadow_evaluation_high_accuracy_stage2_20260610T_live_evidence/shadow_randomforest_model.joblib,False,shadow_only
Race 1 - GUNNEDAH - 2026-06-10,Myla Cargo,5,0.1282604612,0.1056932923,5,power_gamma_2.4,shadow_loaded_shadow_randomforest_model,/mnt/tenn-nvme2/tenn/offloaded-home/l4nd0/greyhound-high-accuracy-refinement-v1-20260610/artifacts/full_evidence_orchestration_20260525/shadow_evaluation_high_accuracy_stage2_20260610T_live_evidence/shadow_randomforest_model.joblib,False,shadow_only
Race 1 - GUNNEDAH - 2026-06-10,Swift Hank,6,0.1349513788,0.1194126388,4,power_gamma_2.4,shadow_loaded_shadow_randomforest_model,/mnt/tenn-nvme2/tenn/offloaded-home/l4nd0/greyhound-high-accuracy-refinement-v1-20260610/artifacts/full_evidence_orchestration_20260525/shadow_evaluation_high_accuracy_stage2_20260610T_live_evidence/shadow_randomforest_model.joblib,False,shadow_only
Race 1 - GUNNEDAH - 2026-06-10,Cobra Beach,7,0.1235932998,0.09669689729,6,power_gamma_2.4,shadow_loaded_shadow_randomforest_model,/mnt/tenn-nvme2/tenn/offloaded-home/l4nd0/greyhound-high-accuracy-refinement-v1-20260610/artifacts/full_evidence_orchestration_20260525/shadow_evaluation_high_accuracy_stage2_20260610T_live_evidence/shadow_randomforest_model.joblib,False,shadow_only
Race 1 - GUNNEDAH - 2026-06-10,Swift Ariel,8,0.135291372,0.1201359412,3,power_gamma_2.4,shadow_loaded_shadow_randomforest_model,/mnt/tenn-nvme2/tenn/offloaded-home/l4nd0/greyhound-high-accuracy-refinement-v1-20260610/artifacts/full_evidence_orchestration_20260525/shadow_evaluation_high_accuracy_stage2_20260610T_live_evidence/shadow_randomforest_model.joblib,False,shadow_only
Race 1 - LADBROKES-Q1-LAKESIDE - 2026-06-10,Sundowner Stop,1,0.1596566331,0.213678743,1,power_gamma_2.4,shadow_loaded_shadow_randomforest_model,/mnt/tenn-nvme2/tenn/offloaded-home/l4nd0/greyhound-high-accuracy-refinement-v1-20260610/artifacts/full_evidence_orchestration_20260525/shadow_evaluation_high_accuracy_stage2_20260610T_live_evidence/shadow_randomforest_model.joblib,False,shadow_only
Race 1 - LADBROKES-Q1-LAKESIDE - 2026-06-10,Immovable Force,2,0.1078638864,0.08337102768,7,power_gamma_2.4,shadow_loaded_shadow_randomforest_model,/mnt/tenn-nvme2/tenn/offloaded-home/l4nd0/greyhound-high-accuracy-refinement-v1-20260610/artifacts/full_evidence_orchestration_20260525/shadow_evaluation_high_accuracy_stage2_20260610T_live_evidence/shadow_randomforest_model.joblib,False,shadow_only
Race 1 - LADBROKES-Q1-LAKESIDE - 2026-06-10,My Pearl,3,0.1345794195,0.1417951455,3,power_gamma_2.4,shadow_loaded_shadow_randomforest_model,/mnt/tenn-nvme2/tenn/offloaded-home/l4nd0/greyhound-high-accuracy-refinement-v1-20260610/artifacts/full_evidence_orchestration_20260525/shadow_evaluation_high_accuracy_stage2_20260610T_live_evidence/shadow_randomforest_model.joblib,False,shadow_only
Race 1 - LADBROKES-Q1-LAKESIDE - 2026-06-10,Remember Pal,4,0.07880116153,0.03924559218,8,power_gamma_2.4,shadow_loaded_shadow_randomforest_model,/mnt/tenn-nvme2/tenn/offloaded-home/l4nd0/greyhound-high-accuracy-refinement-v1-20260610/artifacts/full_evidence_orchestration_20260525/shadow_evaluation_high_accuracy_stage2_20260610T_live_evidence/shadow_randomforest_model.joblib,False,shadow_only
Race 1 - LADBROKES-Q1-LAKESIDE - 2026-06-10,Twisted Heart,5,0.1236117287,0.1156260881,5,power_gamma_2.4,shadow_loaded_shadow_randomforest_model,/mnt/tenn-nvme2/tenn/offloaded-home/l4nd0/greyhound-high-accuracy-refinement-v1-20260610/artifacts/full_evidence_orchestration_20260525/shadow_evaluation_high_accuracy_stage2_20260610T_live_evidence/shadow_randomforest_model.joblib,False,shadow_only
Race 1 - LADBROKES-Q1-LAKESIDE - 2026-06-10,Akuli Phoenix,6,0.134282607,0.1410457598,4,power_gamma_2.4,shadow_loaded_shadow_randomforest_model,/mnt/tenn-nvme2/tenn/offloaded-home/l4nd0/greyhound-high-accuracy-refinement-v1-20260610/artifacts/full_evidence_orchestration_20260525/shadow_evaluation_high_accuracy_stage2_20260610T_live_evidence/shadow_randomforest_model.joblib,False,shadow_only
Race 1 - LADBROKES-Q1-LAKESIDE - 2026-06-10,Lakoda Miley,7,0.1234038519,0.1151599636,6,power_gamma_2.4,shadow_loaded_shadow_randomforest_model,/mnt/tenn-nvme2/tenn/offloaded-home/l4nd0/greyhound-high-accuracy-refinement-v1-20260610/artifacts/full_evidence_orchestration_20260525/shadow_evaluation_high_accuracy_stage2_20260610T_live_evidence/shadow_randomforest_model.joblib,False,shadow_only
Race 1 - LADBROKES-Q1-LAKESIDE - 2026-06-10,Midnight Flyer,8,0.137800712,0.1500776803,2,power_gamma_2.4,shadow_loaded_shadow_randomforest_model,/mnt/tenn-nvme2/tenn/offloaded-home/l4nd0/greyhound-high-accuracy-refinement-v1-20260610/artifacts/full_evidence_orchestration_20260525/shadow_evaluation_high_accuracy_stage2_20260610T_live_evidence/shadow_randomforest_model.joblib,False,shadow_only
Race 10 - SAL - 2026-06-10,Dr. Axel,1,0.1206915751,0.08328389374,4,power_gamma_2.4,shadow_loaded_shadow_randomforest_model,/mnt/tenn-nvme2/tenn/offloaded-home/l4nd0/greyhound-high-accuracy-refinement-v1-20260610/artifacts/full_evidence_orchestration_20260525/shadow_evaluation_high_accuracy_stage2_20260610T_live_evidence/shadow_randomforest_model.joblib,False,shadow_only
Race 10 - SAL - 2026-06-10,Maudie Rose,2,0.1483167332,0.1365817559,3,power_gamma_2.4,shadow_loaded_shadow_randomforest_model,/mnt/tenn-nvme2/tenn/offloaded-home/l4nd0/greyhound-high-accuracy-refinement-v1-20260610/artifacts/full_evidence_orchestration_20260525/shadow_evaluation_high_accuracy_stage2_20260610T_live_evidence/shadow_randomforest_model.joblib,False,shadow_only
Race 10 - SAL - 2026-06-10,Kilmany Warrior,3,0.1103976187,0.06724184511,6,power_gamma_2.4,shadow_loaded_shadow_randomforest_model,/mnt/tenn-nvme2/tenn/offloaded-home/l4nd0/greyhound-high-accuracy-refinement-v1-20260610/artifacts/full_evidence_orchestration_20260525/shadow_evaluation_high_accuracy_stage2_20260610T_live_evidence/shadow_randomforest_model.joblib,False,shadow_only
Race 10 - SAL - 2026-06-10,Warrior Jack,4,0.213983367,0.3291913151,1,power_gamma_2.4,shadow_loaded_shadow_randomforest_model,/mnt/tenn-nvme2/tenn/offloaded-home/l4nd0/greyhound-high-accuracy-refinement-v1-20260610/artifacts/full_evidence_orchestration_20260525/shadow_evaluation_high_accuracy_stage2_20260610T_live_evidence/shadow_randomforest_model.joblib,False,shadow_only
Race 10 - SAL - 2026-06-10,Daintree Vision,6,0.119742889,0.08172137881,5,power_gamma_2.4,shadow_loaded_shadow_randomforest_model,/mnt/tenn-nvme2/tenn/offloaded-home/l4nd0/greyhound-high-accuracy-refinement-v1-20260610/artifacts/full_evidence_orchestration_20260525/shadow_evaluation_high_accuracy_stage2_20260610T_live_evidence/shadow_randomforest_model.joblib,False,shadow_only
Race 10 - SAL - 2026-06-10,Lucky Harper,7,0.1927311929,0.2561068247,2,power_gamma_2.4,shadow_loaded_shadow_randomforest_model,/mnt/tenn-nvme2/tenn/offloaded-home/l4nd0/greyhound-high-accuracy-refinement-v1-20260610/artifacts/full_evidence_orchestration_20260525/shadow_evaluation_high_accuracy_stage2_20260610T_live_evidence/shadow_randomforest_model.joblib,False,shadow_only
Race 10 - SAL - 2026-06-10,Blazing Girl,8,0.09413662413,0.04587298662,7,power_gamma_2.4,shadow_loaded_shadow_randomforest_model,/mnt/tenn-nvme2/tenn/offloaded-home/l4nd0/greyhound-high-accuracy-refinement-v1-20260610/artifacts/full_evidence_orchestration_20260525/shadow_evaluation_high_accuracy_stage2_20260610T_live_evidence/shadow_randomforest_model.joblib,False,shadow_only
Race 10 - TEMORA - 2026-06-10,Lone Tornado,1,0.1181130325,0.09926976583,5,power_gamma_2.4,shadow_loaded_shadow_randomforest_model,/mnt/tenn-nvme2/tenn/offloaded-home/l4nd0/greyhound-high-accuracy-refinement-v1-20260610/artifacts/full_evidence_orchestration_20260525/shadow_evaluation_high_accuracy_stage2_20260610T_live_evidence/shadow_randomforest_model.joblib,False,shadow_only
Race 10 - TEMORA - 2026-06-10,Run Bindi Run,2,0.112333191,0.08800790025,6,power_gamma_2.4,shadow_loaded_shadow_randomforest_model,/mnt/tenn-nvme2/tenn/offloaded-home/l4nd0/greyhound-high-accuracy-refinement-v1-20260610/artifacts/full_evidence_orchestration_20260525/shadow_evaluation_high_accuracy_stage2_20260610T_live_evidence/shadow_randomforest_model.joblib,False,shadow_only
Race 10 - TEMORA - 2026-06-10,Jacobite Thorn,3,0.1401730186,0.1497258722,3,power_gamma_2.4,shadow_loaded_shadow_randomforest_model,/mnt/tenn-nvme2/tenn/offloaded-home/l4nd0/greyhound-high-accuracy-refinement-v1-20260610/artifacts/full_evidence_orchestration_20260525/shadow_evaluation_high_accuracy_stage2_20260610T_live_evidence/shadow_randomforest_model.joblib,False,shadow_only
Race 10 - TEMORA - 2026-06-10,Lone Shark,4,0.1635867305,0.2169190049,2,power_gamma_2.4,shadow_loaded_shadow_randomforest_model,/mnt/tenn-nvme2/tenn/offloaded-home/l4nd0/greyhound-high-accuracy-refinement-v1-20260610/artifacts/full_evidence_orchestration_20260525/shadow_evaluation_high_accuracy_stage2_20260610T_live_evidence/shadow_randomforest_model.joblib,False,shadow_only
Race 10 - TEMORA - 2026-06-10,Indecision,5,0.08141060361,0.04063839701,8,power_gamma_2.4,shadow_loaded_shadow_randomforest_model,/mnt/tenn-nvme2/tenn/offloaded-home/l4nd0/greyhound-high-accuracy-refinement-v1-20260610/artifacts/full_evidence_orchestration_20260525/shadow_evaluation_high_accuracy_stage2_20260610T_live_evidence/shadow_randomforest_model.joblib,False,shadow_only
Race 10 - TEMORA - 2026-06-10,Rockholes Viv,6,0.09230268879,0.05493089496,7,power_gamma_2.4,shadow_loaded_shadow_randomforest_model,/mnt/tenn-nvme2/tenn/offloaded-home/l4nd0/greyhound-high-accuracy-refinement-v1-20260610/artifacts/full_evidence_orchestration_20260525/shadow_evaluation_high_accuracy_stage2_20260610T_live_evidence/shadow_randomforest_model.joblib,False,shadow_only
Race 10 - TEMORA - 2026-06-10,Swanky Lemon,7,0.1182492808,0.09954481618,4,power_gamma_2.4,shadow_loaded_shadow_randomforest_model,/mnt/tenn-nvme2/tenn/offloaded-home/l4nd0/greyhound-high-accuracy-refinement-v1-20260610/artifacts/full_evidence_orchestration_20260525/shadow_evaluation_high_accuracy_stage2_20260610T_live_evidence/shadow_randomforest_model.joblib,False,shadow_only
Race 10 - TEMORA - 2026-06-10,Soda Snoop,8,0.1738314541,0.2509633487,1,power_gamma_2.4,shadow_loaded_shadow_randomforest_model,/mnt/tenn-nvme2/tenn/offloaded-home/l4nd0/greyhound-high-accuracy-refinement-v1-20260610/artifacts/full_evidence_orchestration_20260525/shadow_evaluation_high_accuracy_stage2_20260610T_live_evidence/shadow_randomforest_model.joblib,False,shadow_only
Race 11 - TEMORA - 2026-06-10,Dollys Hope,1,0.2047429427,0.3060618719,1,power_gamma_2.4,shadow_loaded_shadow_randomforest_model,/mnt/tenn-nvme2/tenn/offloaded-home/l4nd0/greyhound-high-accuracy-refinement-v1-20260610/artifacts/full_evidence_orchestration_20260525/shadow_evaluation_high_accuracy_stage2_20260610T_live_evidence/shadow_randomforest_model.joblib,False,shadow_only
Race 11 - TEMORA - 2026-06-10,Ascend Jacaranda,2,0.1631095415,0.1773610505,2,power_gamma_2.4,shadow_loaded_shadow_randomforest_model,/mnt/tenn-nvme2/tenn/offloaded-home/l4nd0/greyhound-high-accuracy-refinement-v1-20260610/artifacts/full_evidence_orchestration_20260525/shadow_evaluation_high_accuracy_stage2_20260610T_live_evidence/shadow_randomforest_model.joblib,False,shadow_only
Race 11 - TEMORA - 2026-06-10,Jacobite Battle,3,0.1558798937,0.1590757627,3,power_gamma_2.4,shadow_loaded_shadow_randomforest_model,/mnt/tenn-nvme2/tenn/offloaded-home/l4nd0/greyhound-high-accuracy-refinement-v1-20260610/artifacts/full_evidence_orchestration_20260525/shadow_evaluation_high_accuracy_stage2_20260610T_live_evidence/shadow_randomforest_model.joblib,False,shadow_only
Race 11 - TEMORA - 2026-06-10,Polka Dot Pink,4,0.0857267792,0.03787803051,7,power_gamma_2.4,shadow_loaded_shadow_randomforest_model,/mnt/tenn-nvme2/tenn/offloaded-home/l4nd0/greyhound-high-accuracy-refinement-v1-20260610/artifacts/full_evidence_orchestration_20260525/shadow_evaluation_high_accuracy_stage2_20260610T_live_evidence/shadow_randomforest_model.joblib,False,shadow_only
Race 11 - TEMORA - 2026-06-10,Irinka Fred,6,0.1181321879,0.0817695421,5,power_gamma_2.4,shadow_loaded_shadow_randomforest_model,/mnt/tenn-nvme2/tenn/offloaded-home/l4nd0/greyhound-high-accuracy-refinement-v1-20260610/artifacts/full_evidence_orchestration_20260525/shadow_evaluation_high_accuracy_stage2_20260610T_live_evidence/shadow_randomforest_model.joblib,False,shadow_only
Race 11 - TEMORA - 2026-06-10,Jakes Desire,7,0.1554441285,0.1580105721,4,power_gamma_2.4,shadow_loaded_shadow_randomforest_model,/mnt/tenn-nvme2/tenn/offloaded-home/l4nd0/greyhound-high-accuracy-refinement-v1-20260610/artifacts/full_evidence_orchestration_20260525/shadow_evaluation_high_accuracy_stage2_20260610T_live_evidence/shadow_randomforest_model.joblib,False,shadow_only
Race 11 - TEMORA - 2026-06-10,Allergy Free,8,0.1169645265,0.07984317027,6,power_gamma_2.4,shadow_loaded_shadow_randomforest_model,/mnt/tenn-nvme2/tenn/offloaded-home/l4nd0/greyhound-high-accuracy-refinement-v1-20260610/artifacts/full_evidence_orchestration_20260525/shadow_evaluation_high_accuracy_stage2_20260610T_live_evidence/shadow_randomforest_model.joblib,False,shadow_only
Race 12 - TEMORA - 2026-06-10,Ida Bale,1,0.2012279185,0.3021813701,1,power_gamma_2.4,shadow_loaded_shadow_randomforest_model,/mnt/tenn-nvme2/tenn/offloaded-home/l4nd0/greyhound-high-accuracy-refinement-v1-20260610/artifacts/full_evidence_orchestration_20260525/shadow_evaluation_high_accuracy_stage2_20260610T_live_evidence/shadow_randomforest_model.joblib,False,shadow_only
Race 12 - TEMORA - 2026-06-10,Flex Up,2,0.1301899247,0.106267784,5,power_gamma_2.4,shadow_loaded_shadow_randomforest_model,/mnt/tenn-nvme2/tenn/offloaded-home/l4nd0/greyhound-high-accuracy-refinement-v1-20260610/artifacts/full_evidence_orchestration_20260525/shadow_evaluation_high_accuracy_stage2_20260610T_live_evidence/shadow_randomforest_model.joblib,False,shadow_only
Race 12 - TEMORA - 2026-06-10,Hekawi,3,0.1560183049,0.164073051,2,power_gamma_2.4,shadow_loaded_shadow_randomforest_model,/mnt/tenn-nvme2/tenn/offloaded-home/l4nd0/greyhound-high-accuracy-refinement-v1-20260610/artifacts/full_evidence_orchestration_20260525/shadow_evaluation_high_accuracy_stage2_20260610T_live_evidence/shadow_randomforest_model.joblib,False,shadow_only
Race 12 - TEMORA - 2026-06-10,Destini Pandora,4,0.1009671586,0.0577362065,7,power_gamma_2.4,shadow_loaded_shadow_randomforest_model,/mnt/tenn-nvme2/tenn/offloaded-home/l4nd0/greyhound-high-accuracy-refinement-v1-20260610/artifacts/full_evidence_orchestration_20260525/shadow_evaluation_high_accuracy_stage2_20260610T_live_evidence/shadow_randomforest_model.joblib,False,shadow_only
Race 12 - TEMORA - 2026-06-10,Trixies Chance,6,0.1395762456,0.1255924555,4,power_gamma_2.4,shadow_loaded_shadow_randomforest_model,/mnt/tenn-nvme2/tenn/offloaded-home/l4nd0/greyhound-high-accuracy-refinement-v1-20260610/artifacts/full_evidence_orchestration_20260525/shadow_evaluation_high_accuracy_stage2_20260610T_live_evidence/shadow_randomforest_model.joblib,False,shadow_only
Race 12 - TEMORA - 2026-06-10,Geani Bale,7,0.1554422158,0.1626228135,3,power_gamma_2.4,shadow_loaded_shadow_randomforest_model,/mnt/tenn-nvme2/tenn/offloaded-home/l4nd0/greyhound-high-accuracy-refinement-v1-20260610/artifacts/full_evidence_orchestration_20260525/shadow_evaluation_high_accuracy_stage2_20260610T_live_evidence/shadow_randomforest_model.joblib,False,shadow_only
Race 12 - TEMORA - 2026-06-10,Manila Shelby,8,0.1165782318,0.08152631933,6,power_gamma_2.4,shadow_loaded_shadow_randomforest_model,/mnt/tenn-nvme2/tenn/offloaded-home/l4nd0/greyhound-high-accuracy-refinement-v1-20260610/artifacts/full_evidence_orchestration_20260525/shadow_evaluation_high_accuracy_stage2_20260610T_live_evidence/shadow_randomforest_model.joblib,False,shadow_only
Race 2 - BEN - 2026-06-10,Hartland Axel,1,0.1937134449,0.2802051942,1,power_gamma_2.4,shadow_loaded_shadow_randomforest_model,/mnt/tenn-nvme2/tenn/offloaded-home/l4nd0/greyhound-high-accuracy-refinement-v1-20260610/artifacts/full_evidence_orchestration_20260525/shadow_evaluation_high_accuracy_stage2_20260610T_live_evidence/shadow_randomforest_model.joblib,False,shadow_only
Race 2 - BEN - 2026-06-10,Greysynd Magic,2,0.15361083,0.1605850653,2,power_gamma_2.4,shadow_loaded_shadow_randomforest_model,/mnt/tenn-nvme2/tenn/offloaded-home/l4nd0/greyhound-high-accuracy-refinement-v1-20260610/artifacts/full_evidence_orchestration_20260525/shadow_evaluation_high_accuracy_stage2_20260610T_live_evidence/shadow_randomforest_model.joblib,False,shadow_only
Race 2 - BEN - 2026-06-10,Taltarni Blue,3,0.1510305575,0.1541872022,3,power_gamma_2.4,shadow_loaded_shadow_randomforest_model,/mnt/tenn-nvme2/tenn/offloaded-home/l4nd0/greyhound-high-accuracy-refinement-v1-20260610/artifacts/full_evidence_orchestration_20260525/shadow_evaluation_high_accuracy_stage2_20260610T_live_evidence/shadow_randomforest_model.joblib,False,shadow_only
Race 2 - BEN - 2026-06-10,Berringa Black,4,0.1345204106,0.1167842803,5,power_gamma_2.4,shadow_loaded_shadow_randomforest_model,/mnt/tenn-nvme2/tenn/offloaded-home/l4nd0/greyhound-high-accuracy-refinement-v1-20260610/artifacts/full_evidence_orchestration_20260525/shadow_evaluation_high_accuracy_stage2_20260610T_live_evidence/shadow_randomforest_model.joblib,False,shadow_only
Race 2 - BEN - 2026-06-10,Ritzy Ruth,6,0.1401199505,0.1287931269,4,power_gamma_2.4,shadow_loaded_shadow_randomforest_model,/mnt/tenn-nvme2/tenn/offloaded-home/l4nd0/greyhound-high-accuracy-refinement-v1-20260610/artifacts/full_evidence_orchestration_20260525/shadow_evaluation_high_accuracy_stage2_20260610T_live_evidence/shadow_randomforest_model.joblib,False,shadow_only
Race 2 - BEN - 2026-06-10,Elsa Escargot,7,0.1277072496,0.1030884645,6,power_gamma_2.4,shadow_loaded_shadow_randomforest_model,/mnt/tenn-nvme2/tenn/offloaded-home/l4nd0/greyhound-high-accuracy-refinement-v1-20260610/artifacts/full_evidence_orchestration_20260525/shadow_evaluation_high_accuracy_stage2_20260610T_live_evidence/shadow_randomforest_model.joblib,False,shadow_only
Race 2 - BEN - 2026-06-10,Cheeky Streak,8,0.09929755686,0.05635666671,7,power_gamma_2.4,shadow_loaded_shadow_randomforest_model,/mnt/tenn-nvme2/tenn/offloaded-home/l4nd0/greyhound-high-accuracy-refinement-v1-20260610/artifacts/full_evidence_orchestration_20260525/shadow_evaluation_high_accuracy_stage2_20260610T_live_evidence/shadow_randomforest_model.joblib,False,shadow_only
Race 2 - GUNNEDAH - 2026-06-10,Eva Cargo,1,0.2048201992,0.2611387405,2,power_gamma_2.4,shadow_loaded_shadow_randomforest_model,/mnt/tenn-nvme2/tenn/offloaded-home/l4nd0/greyhound-high-accuracy-refinement-v1-20260610/artifacts/full_evidence_orchestration_20260525/shadow_evaluation_high_accuracy_stage2_20260610T_live_evidence/shadow_randomforest_model.joblib,False,shadow_only
Race 2 - GUNNEDAH - 2026-06-10,Unhurried,2,0.2057223012,0.2639076137,1,power_gamma_2.4,shadow_loaded_shadow_randomforest_model,/mnt/tenn-nvme2/tenn/offloaded-home/l4nd0/greyhound-high-accuracy-refinement-v1-20260610/artifacts/full_evidence_orchestration_20260525/shadow_evaluation_high_accuracy_stage2_20260610T_live_evidence/shadow_randomforest_model.joblib,False,shadow_only
Race 2 - GUNNEDAH - 2026-06-10,Armatree Pearler,4,0.1425829662,0.1094810544,5,power_gamma_2.4,shadow_loaded_shadow_randomforest_model,/mnt/tenn-nvme2/tenn/offloaded-home/l4nd0/greyhound-high-accuracy-refinement-v1-20260610/artifacts/full_evidence_orchestration_20260525/shadow_evaluation_high_accuracy_stage2_20260610T_live_evidence/shadow_randomforest_model.joblib,False,shadow_only
Race 2 - GUNNEDAH - 2026-06-10,Armatree Pasta,5,0.1499019876,0.1234566142,4,power_gamma_2.4,shadow_loaded_shadow_randomforest_model,/mnt/tenn-nvme2/tenn/offloaded-home/l4nd0/greyhound-high-accuracy-refinement-v1-20260610/artifacts/full_evidence_orchestration_20260525/shadow_evaluation_high_accuracy_stage2_20260610T_live_evidence/shadow_randomforest_model.joblib,False,shadow_only
Race 2 - GUNNEDAH - 2026-06-10,Elsa Cargo,7,0.142484639,0.1092999427,6,power_gamma_2.4,shadow_loaded_shadow_randomforest_model,/mnt/tenn-nvme2/tenn/offloaded-home/l4nd0/greyhound-high-accuracy-refinement-v1-20260610/artifacts/full_evidence_orchestration_20260525/shadow_evaluation_high_accuracy_stage2_20260610T_live_evidence/shadow_randomforest_model.joblib,False,shadow_only
Race 2 - GUNNEDAH - 2026-06-10,Heading South,8,0.1544879069,0.1327160346,3,power_gamma_2.4,shadow_loaded_shadow_randomforest_model,/mnt/tenn-nvme2/tenn/offloaded-home/l4nd0/greyhound-high-accuracy-refinement-v1-20260610/artifacts/full_evidence_orchestration_20260525/shadow_evaluation_high_accuracy_stage2_20260610T_live_evidence/shadow_randomforest_model.joblib,False,shadow_only
Race 2 - LADBROKES-Q1-LAKESIDE - 2026-06-10,Lunar Lil,1,0.1478901455,0.1822493373,2,power_gamma_2.4,shadow_loaded_shadow_randomforest_model,/mnt/tenn-nvme2/tenn/offloaded-home/l4nd0/greyhound-high-accuracy-refinement-v1-20260610/artifacts/full_evidence_orchestration_20260525/shadow_evaluation_high_accuracy_stage2_20260610T_live_evidence/shadow_randomforest_model.joblib,False,shadow_only
Race 2 - LADBROKES-Q1-LAKESIDE - 2026-06-10,Positive Current,2,0.1501588561,0.1890314537,1,power_gamma_2.4,shadow_loaded_shadow_randomforest_model,/mnt/tenn-nvme2/tenn/offloaded-home/l4nd0/greyhound-high-accuracy-refinement-v1-20260610/artifacts/full_evidence_orchestration_20260525/shadow_evaluation_high_accuracy_stage2_20260610T_live_evidence/shadow_randomforest_model.joblib,False,shadow_only
Race 2 - LADBROKES-Q1-LAKESIDE - 2026-06-10,Hold And Spin,3,0.1224331247,0.1158161788,4,power_gamma_2.4,shadow_loaded_shadow_randomforest_model,/mnt/tenn-nvme2/tenn/offloaded-home/l4nd0/greyhound-high-accuracy-refinement-v1-20260610/artifacts/full_evidence_orchestration_20260525/shadow_evaluation_high_accuracy_stage2_20260610T_live_evidence/shadow_randomforest_model.joblib,False,shadow_only
Race 2 - LADBROKES-Q1-LAKESIDE - 2026-06-10,Midnight Mistake,4,0.1022224414,0.07511432849,8,power_gamma_2.4,shadow_loaded_shadow_randomforest_model,/mnt/tenn-nvme2/tenn/offloaded-home/l4nd0/greyhound-high-accuracy-refinement-v1-20260610/artifacts/full_evidence_orchestration_20260525/shadow_evaluation_high_accuracy_stage2_20260610T_live_evidence/shadow_randomforest_model.joblib,False,shadow_only
Race 2 - LADBROKES-Q1-LAKESIDE - 2026-06-10,Pretty Miss,5,0.1119506479,0.09342770016,7,power_gamma_2.4,shadow_loaded_shadow_randomforest_model,/mnt/tenn-nvme2/tenn/offloaded-home/l4nd0/greyhound-high-accuracy-refinement-v1-20260610/artifacts/full_evidence_orchestration_20260525/shadow_evaluation_high_accuracy_stage2_20260610T_live_evidence/shadow_randomforest_model.joblib,False,shadow_only
Race 2 - LADBROKES-Q1-LAKESIDE - 2026-06-10,Signing Papers,6,0.1215294086,0.1137750707,5,power_gamma_2.4,shadow_loaded_shadow_randomforest_model,/mnt/tenn-nvme2/tenn/offloaded-home/l4nd0/greyhound-high-accuracy-refinement-v1-20260610/artifacts/full_evidence_orchestration_20260525/shadow_evaluation_high_accuracy_stage2_20260610T_live_evidence/shadow_randomforest_model.joblib,False,shadow_only
Race 2 - LADBROKES-Q1-LAKESIDE - 2026-06-10,Goldstar Henry,7,0.1147377087,0.09910751939,6,power_gamma_2.4,shadow_loaded_shadow_randomforest_model,/mnt/tenn-nvme2/tenn/offloaded-home/l4nd0/greyhound-high-accuracy-refinement-v1-20260610/artifacts/full_evidence_orchestration_20260525/shadow_evaluation_high_accuracy_stage2_20260610T_live_evidence/shadow_randomforest_model.joblib,False,shadow_only
Race 2 - LADBROKES-Q1-LAKESIDE - 2026-06-10,Pay The Piper,8,0.129077667,0.1314784115,3,power_gamma_2.4,shadow_loaded_shadow_randomforest_model,/mnt/tenn-nvme2/tenn/offloaded-home/l4nd0/greyhound-high-accuracy-refinement-v1-20260610/artifacts/full_evidence_orchestration_20260525/shadow_evaluation_high_accuracy_stage2_20260610T_live_evidence/shadow_randomforest_model.joblib,False,shadow_only
Race 3 - BEN - 2026-06-10,Zipping Nebula,1,0.1823021757,0.2491014065,1,power_gamma_2.4,shadow_loaded_shadow_randomforest_model,/mnt/tenn-nvme2/tenn/offloaded-home/l4nd0/greyhound-high-accuracy-refinement-v1-20260610/artifacts/full_evidence_orchestration_20260525/shadow_evaluation_high_accuracy_stage2_20260610T_live_evidence/shadow_randomforest_model.joblib,False,shadow_only
Race 3 - BEN - 2026-06-10,Paw Hailee,2,0.148485467,0.1522359472,2,power_gamma_2.4,shadow_loaded_shadow_randomforest_model,/mnt/tenn-nvme2/tenn/offloaded-home/l4nd0/greyhound-high-accuracy-refinement-v1-20260610/artifacts/full_evidence_orchestration_20260525/shadow_evaluation_high_accuracy_stage2_20260610T_live_evidence/shadow_randomforest_model.joblib,False,shadow_only
Race 3 - BEN - 2026-06-10,Collinda Ramsay,3,0.1445777193,0.1427969799,3,power_gamma_2.4,shadow_loaded_shadow_randomforest_model,/mnt/tenn-nvme2/tenn/offloaded-home/l4nd0/greyhound-high-accuracy-refinement-v1-20260610/artifacts/full_evidence_orchestration_20260525/shadow_evaluation_high_accuracy_stage2_20260610T_live_evidence/shadow_randomforest_model.joblib,False,shadow_only
Race 3 - BEN - 2026-06-10,Billies Rainbow,4,0.1179297283,0.08757328695,7,power_gamma_2.4,shadow_loaded_shadow_randomforest_model,/mnt/tenn-nvme2/tenn/offloaded-home/l4nd0/greyhound-high-accuracy-refinement-v1-20260610/artifacts/full_evidence_orchestration_20260525/shadow_evaluation_high_accuracy_stage2_20260610T_live_evidence/shadow_randomforest_model.joblib,False,shadow_only
Race 3 - BEN - 2026-06-10,Dark Habits,6,0.1356823389,0.1226116414,5,power_gamma_2.4,shadow_loaded_shadow_randomforest_model,/mnt/tenn-nvme2/tenn/offloaded-home/l4nd0/greyhound-high-accuracy-refinement-v1-20260610/artifacts/full_evidence_orchestration_20260525/shadow_evaluation_high_accuracy_stage2_20260610T_live_evidence/shadow_randomforest_model.joblib,False,shadow_only
Race 3 - BEN - 2026-06-10,Perfect Jenny,7,0.1281901806,0.1069860511,6,power_gamma_2.4,shadow_loaded_shadow_randomforest_model,/mnt/tenn-nvme2/tenn/offloaded-home/l4nd0/greyhound-high-accuracy-refinement-v1-20260610/artifacts/full_evidence_orchestration_20260525/shadow_evaluation_high_accuracy_stage2_20260610T_live_evidence/shadow_randomforest_model.joblib,False,shadow_only
Race 3 - BEN - 2026-06-10,Who She Rules,8,0.1428323901,0.1386946868,4,power_gamma_2.4,shadow_loaded_shadow_randomforest_model,/mnt/tenn-nvme2/tenn/offloaded-home/l4nd0/greyhound-high-accuracy-refinement-v1-20260610/artifacts/full_evidence_orchestration_20260525/shadow_evaluation_high_accuracy_stage2_20260610T_live_evidence/shadow_randomforest_model.joblib,False,shadow_only
Race 4 - BEN - 2026-06-10,Raes Rainbow,1,0.2086251092,0.3125759115,1,power_gamma_2.4,shadow_loaded_shadow_randomforest_model,/mnt/tenn-nvme2/tenn/offloaded-home/l4nd0/greyhound-high-accuracy-refinement-v1-20260610/artifacts/full_evidence_orchestration_20260525/shadow_evaluation_high_accuracy_stage2_20260610T_live_evidence/shadow_randomforest_model.joblib,False,shadow_only
Race 4 - BEN - 2026-06-10,Ivory Ramen,2,0.1582110673,0.1609326588,3,power_gamma_2.4,shadow_loaded_shadow_randomforest_model,/mnt/tenn-nvme2/tenn/offloaded-home/l4nd0/greyhound-high-accuracy-refinement-v1-20260610/artifacts/full_evidence_orchestration_20260525/shadow_evaluation_high_accuracy_stage2_20260610T_live_evidence/shadow_randomforest_model.joblib,False,shadow_only
Race 4 - BEN - 2026-06-10,Idyllic Meyer,3,0.1047283671,0.0597902155,6,power_gamma_2.4,shadow_loaded_shadow_randomforest_model,/mnt/tenn-nvme2/tenn/offloaded-home/l4nd0/greyhound-high-accuracy-refinement-v1-20260610/artifacts/full_evidence_orchestration_20260525/shadow_evaluation_high_accuracy_stage2_20260610T_live_evidence/shadow_randomforest_model.joblib,False,shadow_only
Race 4 - BEN - 2026-06-10,Paris Mash,4,0.1362702022,0.1124703074,5,power_gamma_2.4,shadow_loaded_shadow_randomforest_model,/mnt/tenn-nvme2/tenn/offloaded-home/l4nd0/greyhound-high-accuracy-refinement-v1-20260610/artifacts/full_evidence_orchestration_20260525/shadow_evaluation_high_accuracy_stage2_20260610T_live_evidence/shadow_randomforest_model.joblib,False,shadow_only
Race 4 - BEN - 2026-06-10,Paw Alicia,6,0.1570809245,0.1581874402,4,power_gamma_2.4,shadow_loaded_shadow_randomforest_model,/mnt/tenn-nvme2/tenn/offloaded-home/l4nd0/greyhound-high-accuracy-refinement-v1-20260610/artifacts/full_evidence_orchestration_20260525/shadow_evaluation_high_accuracy_stage2_20260610T_live_evidence/shadow_randomforest_model.joblib,False,shadow_only
Race 4 - BEN - 2026-06-10,Autumn Angel,7,0.07279585726,0.02497650788,7,power_gamma_2.4,shadow_loaded_shadow_randomforest_model,/mnt/tenn-nvme2/tenn/offloaded-home/l4nd0/greyhound-high-accuracy-refinement-v1-20260610/artifacts/full_evidence_orchestration_20260525/shadow_evaluation_high_accuracy_stage2_20260610T_live_evidence/shadow_randomforest_model.joblib,False,shadow_only
Race 4 - BEN - 2026-06-10,Yankee Blood,8,0.1622884723,0.1710669588,2,power_gamma_2.4,shadow_loaded_shadow_randomforest_model,/mnt/tenn-nvme2/tenn/offloaded-home/l4nd0/greyhound-high-accuracy-refinement-v1-20260610/artifacts/full_evidence_orchestration_20260525/shadow_evaluation_high_accuracy_stage2_20260610T_live_evidence/shadow_randomforest_model.joblib,False,shadow_only
Race 7 - MURRAY-BRIDGE-STRAIGHT - 2026-06-10,Afire,1,0.2219550348,0.2969842022,1,power_gamma_2.4,shadow_loaded_shadow_randomforest_model,/mnt/tenn-nvme2/tenn/offloaded-home/l4nd0/greyhound-high-accuracy-refinement-v1-20260610/artifacts/full_evidence_orchestration_20260525/shadow_evaluation_high_accuracy_stage2_20260610T_live_evidence/shadow_randomforest_model.joblib,False,shadow_only
Race 7 - MURRAY-BRIDGE-STRAIGHT - 2026-06-10,Deep Purple,2,0.1703040482,0.1572668823,4,power_gamma_2.4,shadow_loaded_shadow_randomforest_model,/mnt/tenn-nvme2/tenn/offloaded-home/l4nd0/greyhound-high-accuracy-refinement-v1-20260610/artifacts/full_evidence_orchestration_20260525/shadow_evaluation_high_accuracy_stage2_20260610T_live_evidence/shadow_randomforest_model.joblib,False,shadow_only
Race 7 - MURRAY-BRIDGE-STRAIGHT - 2026-06-10,Yvonnes Pick,4,0.171633649,0.1602297635,3,power_gamma_2.4,shadow_loaded_shadow_randomforest_model,/mnt/tenn-nvme2/tenn/offloaded-home/l4nd0/greyhound-high-accuracy-refinement-v1-20260610/artifacts/full_evidence_orchestration_20260525/shadow_evaluation_high_accuracy_stage2_20260610T_live_evidence/shadow_randomforest_model.joblib,False,shadow_only
Race 7 - MURRAY-BRIDGE-STRAIGHT - 2026-06-10,Chicken Knight,5,0.1060846259,0.05049672633,6,power_gamma_2.4,shadow_loaded_shadow_randomforest_model,/mnt/tenn-nvme2/tenn/offloaded-home/l4nd0/greyhound-high-accuracy-refinement-v1-20260610/artifacts/full_evidence_orchestration_20260525/shadow_evaluation_high_accuracy_stage2_20260610T_live_evidence/shadow_randomforest_model.joblib,False,shadow_only
Race 7 - MURRAY-BRIDGE-STRAIGHT - 2026-06-10,Shiny Pistol,7,0.1158279435,0.06235185449,5,power_gamma_2.4,shadow_loaded_shadow_randomforest_model,/mnt/tenn-nvme2/tenn/offloaded-home/l4nd0/greyhound-high-accuracy-refinement-v1-20260610/artifacts/full_evidence_orchestration_20260525/shadow_evaluation_high_accuracy_stage2_20260610T_live_evidence/shadow_randomforest_model.joblib,False,shadow_only
Race 7 - MURRAY-BRIDGE-STRAIGHT - 2026-06-10,Jade Palms,8,0.2141946986,0.2726705713,2,power_gamma_2.4,shadow_loaded_shadow_randomforest_model,/mnt/tenn-nvme2/tenn/offloaded-home/l4nd0/greyhound-high-accuracy-refinement-v1-20260610/artifacts/full_evidence_orchestration_20260525/shadow_evaluation_high_accuracy_stage2_20260610T_live_evidence/shadow_randomforest_model.joblib,False,shadow_only
Race 8 - MURRAY-BRIDGE-STRAIGHT - 2026-06-10,Zinfandel Dash,1,0.2522822516,0.4079229213,1,power_gamma_2.4,shadow_loaded_shadow_randomforest_model,/mnt/tenn-nvme2/tenn/offloaded-home/l4nd0/greyhound-high-accuracy-refinement-v1-20260610/artifacts/full_evidence_orchestration_20260525/shadow_evaluation_high_accuracy_stage2_20260610T_live_evidence/shadow_randomforest_model.joblib,False,shadow_only
Race 8 - MURRAY-BRIDGE-STRAIGHT - 2026-06-10,Federal Lady,2,0.1517156377,0.1203712764,4,power_gamma_2.4,shadow_loaded_shadow_randomforest_model,/mnt/tenn-nvme2/tenn/offloaded-home/l4nd0/greyhound-high-accuracy-refinement-v1-20260610/artifacts/full_evidence_orchestration_20260525/shadow_evaluation_high_accuracy_stage2_20260610T_live_evidence/shadow_randomforest_model.joblib,False,shadow_only
Race 8 - MURRAY-BRIDGE-STRAIGHT - 2026-06-10,Paw Leon,4,0.1550196111,0.1267587584,3,power_gamma_2.4,shadow_loaded_shadow_randomforest_model,/mnt/tenn-nvme2/tenn/offloaded-home/l4nd0/greyhound-high-accuracy-refinement-v1-20260610/artifacts/full_evidence_orchestration_20260525/shadow_evaluation_high_accuracy_stage2_20260610T_live_evidence/shadow_randomforest_model.joblib,False,shadow_only
Race 8 - MURRAY-BRIDGE-STRAIGHT - 2026-06-10,Make Some Noise,5,0.1737935429,0.1667749276,2,power_gamma_2.4,shadow_loaded_shadow_randomforest_model,/mnt/tenn-nvme2/tenn/offloaded-home/l4nd0/greyhound-high-accuracy-refinement-v1-20260610/artifacts/full_evidence_orchestration_20260525/shadow_evaluation_high_accuracy_stage2_20260610T_live_evidence/shadow_randomforest_model.joblib,False,shadow_only
Race 8 - MURRAY-BRIDGE-STRAIGHT - 2026-06-10,Jan Hewett,7,0.1268285761,0.07830168584,6,power_gamma_2.4,shadow_loaded_shadow_randomforest_model,/mnt/tenn-nvme2/tenn/offloaded-home/l4nd0/greyhound-high-accuracy-refinement-v1-20260610/artifacts/full_evidence_orchestration_20260525/shadow_evaluation_high_accuracy_stage2_20260610T_live_evidence/shadow_randomforest_model.joblib,False,shadow_only
Race 8 - MURRAY-BRIDGE-STRAIGHT - 2026-06-10,Storm Sister,8,0.1403603806,0.09987043051,5,power_gamma_2.4,shadow_loaded_shadow_randomforest_model,/mnt/tenn-nvme2/tenn/offloaded-home/l4nd0/greyhound-high-accuracy-refinement-v1-20260610/artifacts/full_evidence_orchestration_20260525/shadow_evaluation_high_accuracy_stage2_20260610T_live_evidence/shadow_randomforest_model.joblib,False,shadow_only
Race 9 - CAPALABA - 2026-06-10,Aston Tolhurst,1,0.1702180311,0.243057293,1,power_gamma_2.4,shadow_loaded_shadow_randomforest_model,/mnt/tenn-nvme2/tenn/offloaded-home/l4nd0/greyhound-high-accuracy-refinement-v1-20260610/artifacts/full_evidence_orchestration_20260525/shadow_evaluation_high_accuracy_stage2_20260610T_live_evidence/shadow_randomforest_model.joblib,False,shadow_only
Race 9 - CAPALABA - 2026-06-10,Fragile Frankie,2,0.1435318449,0.1614251311,3,power_gamma_2.4,shadow_loaded_shadow_randomforest_model,/mnt/tenn-nvme2/tenn/offloaded-home/l4nd0/greyhound-high-accuracy-refinement-v1-20260610/artifacts/full_evidence_orchestration_20260525/shadow_evaluation_high_accuracy_stage2_20260610T_live_evidence/shadow_randomforest_model.joblib,False,shadow_only
Race 9 - CAPALABA - 2026-06-10,Tempo And Touch,3,0.1194630323,0.1039096275,5,power_gamma_2.4,shadow_loaded_shadow_randomforest_model,/mnt/tenn-nvme2/tenn/offloaded-home/l4nd0/greyhound-high-accuracy-refinement-v1-20260610/artifacts/full_evidence_orchestration_20260525/shadow_evaluation_high_accuracy_stage2_20260610T_live_evidence/shadow_randomforest_model.joblib,False,shadow_only
Race 9 - CAPALABA - 2026-06-10,Haras Max,4,0.1012952116,0.06993727466,7,power_gamma_2.4,shadow_loaded_shadow_randomforest_model,/mnt/tenn-nvme2/tenn/offloaded-home/l4nd0/greyhound-high-accuracy-refinement-v1-20260610/artifacts/full_evidence_orchestration_20260525/shadow_evaluation_high_accuracy_stage2_20260610T_live_evidence/shadow_randomforest_model.joblib,False,shadow_only
Race 9 - CAPALABA - 2026-06-10,My Mate Nick,5,0.07503871961,0.03403927506,8,power_gamma_2.4,shadow_loaded_shadow_randomforest_model,/mnt/tenn-nvme2/tenn/offloaded-home/l4nd0/greyhound-high-accuracy-refinement-v1-20260610/artifacts/full_evidence_orchestration_20260525/shadow_evaluation_high_accuracy_stage2_20260610T_live_evidence/shadow_randomforest_model.joblib,False,shadow_only
Race 9 - CAPALABA - 2026-06-10,Pierre Hayze,6,0.1165751736,0.09798280691,6,power_gamma_2.4,shadow_loaded_shadow_randomforest_model,/mnt/tenn-nvme2/tenn/offloaded-home/l4nd0/greyhound-high-accuracy-refinement-v1-20260610/artifacts/full_evidence_orchestration_20260525/shadow_evaluation_high_accuracy_stage2_20260610T_live_evidence/shadow_randomforest_model.joblib,False,shadow_only
Race 9 - CAPALABA - 2026-06-10,Avoid The Noise,7,0.1299782297,0.1272286119,4,power_gamma_2.4,shadow_loaded_shadow_randomforest_model,/mnt/tenn-nvme2/tenn/offloaded-home/l4nd0/greyhound-high-accuracy-refinement-v1-20260610/artifacts/full_evidence_orchestration_20260525/shadow_evaluation_high_accuracy_stage2_20260610T_live_evidence/shadow_randomforest_model.joblib,False,shadow_only
Race 9 - CAPALABA - 2026-06-10,Extreme Grunt,8,0.1438997571,0.16241998,2,power_gamma_2.4,shadow_loaded_shadow_randomforest_model,/mnt/tenn-nvme2/tenn/offloaded-home/l4nd0/greyhound-high-accuracy-refinement-v1-20260610/artifacts/full_evidence_orchestration_20260525/shadow_evaluation_high_accuracy_stage2_20260610T_live_evidence/shadow_randomforest_model.joblib,False,shadow_only
Race 9 - TEMORA - 2026-06-10,Dark Panther,1,0.2214648486,0.3365194847,1,power_gamma_2.4,shadow_loaded_shadow_randomforest_model,/mnt/tenn-nvme2/tenn/offloaded-home/l4nd0/greyhound-high-accuracy-refinement-v1-20260610/artifacts/full_evidence_orchestration_20260525/shadow_evaluation_high_accuracy_stage2_20260610T_live_evidence/shadow_randomforest_model.joblib,False,shadow_only
Race 9 - TEMORA - 2026-06-10,My Three Boys,2,0.2213935277,0.3362594477,2,power_gamma_2.4,shadow_loaded_shadow_randomforest_model,/mnt/tenn-nvme2/tenn/offloaded-home/l4nd0/greyhound-high-accuracy-refinement-v1-20260610/artifacts/full_evidence_orchestration_20260525/shadow_evaluation_high_accuracy_stage2_20260610T_live_evidence/shadow_randomforest_model.joblib,False,shadow_only
Race 9 - TEMORA - 2026-06-10,Darcy Mac,3,0.1232389473,0.08242782456,3,power_gamma_2.4,shadow_loaded_shadow_randomforest_model,/mnt/tenn-nvme2/tenn/offloaded-home/l4nd0/greyhound-high-accuracy-refinement-v1-20260610/artifacts/full_evidence_orchestration_20260525/shadow_evaluation_high_accuracy_stage2_20260610T_live_evidence/shadow_randomforest_model.joblib,False,shadow_only
Race 9 - TEMORA - 2026-06-10,Roar Of Thunder,4,0.09852495891,0.04817144964,7,power_gamma_2.4,shadow_loaded_shadow_randomforest_model,/mnt/tenn-nvme2/tenn/offloaded-home/l4nd0/greyhound-high-accuracy-refinement-v1-20260610/artifacts/full_evidence_orchestration_20260525/shadow_evaluation_high_accuracy_stage2_20260610T_live_evidence/shadow_randomforest_model.joblib,False,shadow_only
Race 9 - TEMORA - 2026-06-10,Lets Go Out,6,0.1118109704,0.065259131,5,power_gamma_2.4,shadow_loaded_shadow_randomforest_model,/mnt/tenn-nvme2/tenn/offloaded-home/l4nd0/greyhound-high-accuracy-refinement-v1-20260610/artifacts/full_evidence_orchestration_20260525/shadow_evaluation_high_accuracy_stage2_20260610T_live_evidence/shadow_randomforest_model.joblib,False,shadow_only
Race 9 - TEMORA - 2026-06-10,Pigeons Desire,7,0.1190332214,0.07583720793,4,power_gamma_2.4,shadow_loaded_shadow_randomforest_model,/mnt/tenn-nvme2/tenn/offloaded-home/l4nd0/greyhound-high-accuracy-refinement-v1-20260610/artifacts/full_evidence_orchestration_20260525/shadow_evaluation_high_accuracy_stage2_20260610T_live_evidence/shadow_randomforest_model.joblib,False,shadow_only
Race 9 - TEMORA - 2026-06-10,Resist The Urge,8,0.1045335256,0.05552545449,6,power_gamma_2.4,shadow_loaded_shadow_randomforest_model,/mnt/tenn-nvme2/tenn/offloaded-home/l4nd0/greyhound-high-accuracy-refinement-v1-20260610/artifacts/full_evidence_orchestration_20260525/shadow_evaluation_high_accuracy_stage2_20260610T_live_evidence/shadow_randomforest_model.joblib,False,shadow_only
